,Brazil Returns,Russia Returns,India Returns,China Returns,South Africa Returns
0,-0.004931046,-0.0039131236,-0.0011246979,-0.0031904539,-0.0052633397
1,-0.005599477,-0.004399611,-0.0013406905,-0.0036849072,-0.0058552185
2,-0.005606904,-0.00441356,-0.0013469894,-0.0036769647,-0.005862116
3,-0.0055940747,-0.0044169296,-0.0013541145,-0.0036374766,-0.0058467193
4,-0.0055798204,-0.0044133244,-0.0013636972,-0.0035982032,-0.005826162
5,-0.00546715,-0.004329625,-0.0013302404,-0.003513798,-0.005724701
6,-0.0048815007,-0.0038829192,-0.0011435845,-0.0031008439,-0.0051991837
7,-0.0057178787,-0.0045042187,-0.0013987649,-0.003725573,-0.0059562665
8,-0.005080043,-0.004029107,-0.0011902278,-0.0032685988,-0.00538938
9,-0.0056274757,-0.0044433544,-0.0013713902,-0.003652558,-0.00587677
10,-0.005952868,-0.0046930565,-0.0014850918,-0.0038707992,-0.0061636055
11,-0.006169746,-0.004857215,-0.0015598119,-0.0040201135,-0.0063550742
12,-0.0054162988,-0.0042971214,-0.0013266986,-0.0034591814,-0.005675227
13,-0.0050271065,-0.0039969976,-0.0012064915,-0.003182203,-0.005321216
14,-0.0051616537,-0.0040945923,-0.0012233232,-0.0033166462,-0.0054598246
15,-0.005142613,-0.0040770923,-0.0012038171,-0.0033275695,-0.0054521887
16,-0.0050599216,-0.0040195975,-0.0011742739,-0.0032733362,-0.005382989
17,-0.004947461,-0.0039422354,-0.0011579689,-0.0031601323,-0.0052699023
18,-0.004786791,-0.0038214556,-0.0011277131,-0.0030191762,-0.0051110573
19,-0.0051191906,-0.004073237,-0.0012463506,-0.0032326053,-0.005398028
20,-0.0052180565,-0.004142965,-0.0012737563,-0.003306536,-0.005486266
21,-0.0051357406,-0.00407776,-0.0012377799,-0.003264263,-0.005418585
22,-0.0053932816,-0.0042675543,-0.0012960194,-0.0034854757,-0.0056652455
23,-0.0052469857,-0.004162393,-0.001250068,-0.003377626,-0.0055349413
24,-0.005031788,-0.0040059676,-0.001191374,-0.003208021,-0.005336627
25,-0.004746518,-0.0037907579,-0.0011102722,-0.0029948535,-0.005074477
26,-0.004947131,-0.003940596,-0.0011733755,-0.003134436,-0.0052521694
27,-0.004740066,-0.0037792833,-0.0010972406,-0.0030039267,-0.005072066
28,-0.005063943,-0.004015636,-0.0011752858,-0.0032746256,-0.0053773597
29,-0.0050152824,-0.0039757486,-0.0011511846,-0.0032550686,-0.0053385124
30,-0.0049165217,-0.003906263,-0.0011199273,-0.0031808482,-0.005251542
31,-0.0047694,-0.0038026425,-0.0010846324,-0.0030543662,-0.0051140254
32,-0.0046074092,-0.0036821663,-0.0010475924,-0.0029190914,-0.0049597737
33,-0.0046936865,-0.0037467566,-0.0010668817,-0.002991284,-0.005043488
34,-0.0046793567,-0.0037307665,-0.001056287,-0.002991013,-0.005033386
35,-0.0052026766,-0.0041169347,-0.0012179019,-0.00337999,-0.005504139
36,-0.005539653,-0.004363791,-0.0013276176,-0.0036318793,-0.0058042165
37,-0.0055510113,-0.0043788324,-0.0013323469,-0.0036351685,-0.0058171144
38,-0.005531715,-0.004375941,-0.0013327084,-0.0036013895,-0.005799493
39,-0.005500986,-0.0043595107,-0.0013294556,-0.00356377,-0.005770125
40,-0.0056145266,-0.0044428534,-0.0013657728,-0.0036473158,-0.0058718883
41,-0.0055899937,-0.0044139316,-0.0013470721,-0.0036574637,-0.0058559943
42,-0.005885482,-0.0046128784,-0.0014444789,-0.0039082877,-0.0061163097
43,-0.006191308,-0.0047910083,-0.0015660283,-0.0041945446,-0.006365492
44,-0.0060650883,-0.0047202483,-0.0015107109,-0.004087251,-0.0062678023
45,-0.0059339018,-0.0046405103,-0.0014577067,-0.00398305,-0.006162087
46,-0.0057551656,-0.0045323055,-0.0013927964,-0.0038212612,-0.0060124984
47,-0.0055003855,-0.0043562474,-0.0013146169,-0.0036009783,-0.005781987
48,-0.0047611026,-0.003802627,-0.001063505,-0.0030886498,-0.0051326966
49,-0.005155577,-0.00408525,-0.0011880284,-0.003392913,-0.0054834564
50,-0.005511804,-0.0043194937,-0.0013062527,-0.0037004745,-0.005793404
51,-0.0053034034,-0.0041642524,-0.0012292918,-0.0035780105,-0.0056173364
52,-0.0049947863,-0.0039447546,-0.0011150843,-0.003373122,-0.0053579453
53,-0.00460867,-0.0036615015,-0.0009741113,-0.003122924,-0.0050300974
54,-0.0044787885,-0.00357126,-0.00092758157,-0.0030143547,-0.0049162586
55,-0.004475923,-0.003537724,-0.0009285935,-0.0030629907,-0.0049069277
56,-0.004616532,-0.0035019494,-0.0010660143,-0.0033234206,-0.004951316
57,-0.0051230914,-0.0038027866,-0.0013127686,-0.0037062026,-0.0053246343
58,-0.004740141,-0.0035221134,-0.0011702053,-0.0034678434,-0.0050033215
59,-0.0041328697,-0.0031170181,-0.0009075281,-0.0030560107,-0.0045257555
60,-0.0034495695,-0.002646528,-0.00062469416,-0.0025946917,-0.003975743
61,-0.0035612048,-0.002722236,-0.00067097606,-0.0026710986,-0.0040657967
62,-0.0043174727,-0.0030886047,-0.0011508748,-0.0032883242,-0.0045431447
63,-0.004523953,-0.0031583935,-0.0013107136,-0.003462162,-0.0046439744
64,-0.004558479,-0.0033179151,-0.0011789104,-0.003400332,-0.0047894754
65,-0.0044717817,-0.003261187,-0.0011413953,-0.003350883,-0.004725092
66,-0.0041734576,-0.0030929912,-0.0009827646,-0.0031381268,-0.004519462
67,-0.0038752237,-0.0029085167,-0.0008405732,-0.0029297625,-0.0042990157
68,-0.0035788051,-0.0027942562,-0.0006383454,-0.0026351702,-0.004122591
69,-0.0039090444,-0.003062286,-0.0007431148,-0.0028077094,-0.004416454
70,-0.0046884045,-0.0035986337,-0.0010616153,-0.003344987,-0.0050489823
71,-0.004272219,-0.003269224,-0.000923544,-0.0031030583,-0.0046837693
72,-0.0040906165,-0.003159069,-0.00083864224,-0.0029695963,-0.0045459964
73,-0.0037645488,-0.0029605625,-0.0006898627,-0.0027204168,-0.0042959503
74,-0.0034053507,-0.0027208019,-0.0005432723,-0.0024579405,-0.0040046927
75,-0.0033578156,-0.0027053126,-0.00051880954,-0.0023828044,-0.0039678565
76,-0.0032698729,-0.0025820818,-0.00051275844,-0.0024105192,-0.0038681927
77,-0.0037604375,-0.0029134192,-0.0007164939,-0.0027554198,-0.0042638145
78,-0.004167726,-0.003178125,-0.00089633453,-0.0030523853,-0.004584626
79,-0.0044273827,-0.0033980024,-0.0009734504,-0.0031945466,-0.00482209
80,-0.0045394828,-0.003527479,-0.0009850777,-0.003221626,-0.004945329
81,-0.0046552294,-0.0036414207,-0.0010135263,-0.0032619738,-0.0050575333
82,-0.004825743,-0.0037825617,-0.0010678524,-0.0033405672,-0.005206954
83,-0.005264046,-0.0040453547,-0.001265041,-0.0036825899,-0.00554313
84,-0.004104526,-0.0032274083,-0.0008071784,-0.0028849014,-0.0045796977
85,-0.0041842307,-0.0032597072,-0.0008495363,-0.002968849,-0.0046328506
86,-0.0041233567,-0.0032182785,-0.0008243095,-0.0029304165,-0.0045835855
87,-0.0039357827,-0.003103874,-0.0007413903,-0.0027850594,-0.0044382885
88,-0.0037633784,-0.00299104,-0.00067091413,-0.0026548584,-0.004299392
89,-0.004280096,-0.0033592451,-0.00087067403,-0.003003011,-0.0047297273
90,-0.004453656,-0.0034261046,-0.0009732439,-0.0031771667,-0.0048409794
91,-0.0049988227,-0.0037617374,-0.0012270613,-0.0035780198,-0.0052541574
92,-0.0050847246,-0.003830866,-0.0012522675,-0.003625544,-0.005330361
93,-0.004796784,-0.0036542765,-0.0011176141,-0.0034183476,-0.0051133055
94,-0.0043962775,-0.0034177946,-0.0009286142,-0.0031106458,-0.00481353
95,-0.004012577,-0.0031757117,-0.0007651508,-0.0028159136,-0.004510345
96,-0.0041689863,-0.0032649285,-0.00083813624,-0.002952721,-0.004632688
97,-0.0040334333,-0.0031666276,-0.0007827776,-0.0028556448,-0.0045186863
98,-0.00427651,-0.0033326074,-0.0008807111,-0.0030236428,-0.004717015
99,-0.003962536,-0.003106439,-0.0007605247,-0.00281454,-0.0044542844
100,-0.0041603134,-0.0032743237,-0.0008255796,-0.0029215957,-0.0046328967
101,-0.0042413687,-0.0033683747,-0.0008450651,-0.002932332,-0.004715761
102,-0.0043156124,-0.0034445762,-0.00087074627,-0.0029482637,-0.0047841156
103,-0.004605969,-0.0036594372,-0.0009792538,-0.0031323335,-0.0050290897
104,-0.00440324,-0.00350371,-0.0009048743,-0.002995302,-0.0048521683
105,-0.0047666244,-0.0037454362,-0.0010458989,-0.00326844,-0.0051520504
106,-0.004949832,-0.003810292,-0.0011502345,-0.0034792246,-0.0052732886
107,-0.0047863107,-0.0037158541,-0.0010738724,-0.0033531536,-0.0051507736
108,-0.0045334958,-0.0035686418,-0.0009606666,-0.0031485455,-0.004956885
109,-0.004272759,-0.0034001044,-0.0008571157,-0.0029466192,-0.004744256
110,-0.0038583432,-0.0031109012,-0.0007056411,-0.0026307972,-0.0043902216
111,-0.003944185,-0.0031551379,-0.0007393354,-0.0027142684,-0.0044579445
112,-0.0039798063,-0.0031649505,-0.0007572823,-0.0027555693,-0.004479765
113,-0.0042711683,-0.0033614307,-0.00087171694,-0.0029723062,-0.0047180043
114,-0.004413128,-0.0034664024,-0.0009247522,-0.0030701577,-0.004838671
115,-0.0044468436,-0.0035079522,-0.0009309995,-0.0030761193,-0.004875284
116,-0.0044938684,-0.0035507241,-0.0009465404,-0.0030976948,-0.0049185064
117,-0.00472083,-0.0037159072,-0.0010334455,-0.0032386975,-0.00510632
118,-0.0043013426,-0.0033692473,-0.00089066545,-0.0030116823,-0.00473459
119,-0.0047433972,-0.0036187903,-0.0011052537,-0.003372384,-0.005061453
120,-0.0046272753,-0.0035167176,-0.0010698556,-0.0033132357,-0.0049541257
121,-0.004693266,-0.0035905591,-0.0010768361,-0.0033384461,-0.005027492
122,-0.004667248,-0.0036203612,-0.0010353455,-0.0032788306,-0.0050373804
123,-0.0046931463,-0.0036740385,-0.0010270845,-0.0032573298,-0.005078262
124,-0.004789882,-0.0037484262,-0.0010590957,-0.003308657,-0.0051622316
125,-0.0045593493,-0.0035848445,-0.0009705178,-0.003142724,-0.004967665
126,-0.004914571,-0.003820006,-0.0011148261,-0.0034020795,-0.0052561266
127,-0.005200231,-0.003998925,-0.00124285,-0.0036275997,-0.005481933
128,-0.005209669,-0.004038942,-0.0012277222,-0.003604333,-0.005509875
129,-0.0051644896,-0.0040492937,-0.001191973,-0.0035260853,-0.0054930146
130,-0.0051413826,-0.0040603355,-0.0011777228,-0.0034691982,-0.005481891
131,-0.0051742876,-0.0040926575,-0.001190837,-0.0034680397,-0.005509057
132,-0.0052235182,-0.004112882,-0.0012108905,-0.0035215628,-0.005546386
133,-0.0053011226,-0.004154212,-0.0012455968,-0.003593475,-0.0056054927
134,-0.0052456954,-0.004095556,-0.0012295808,-0.0035854017,-0.0055527305
135,-0.0051676705,-0.004054735,-0.001194348,-0.003516601,-0.0054933955
136,-0.005025786,-0.003975308,-0.0011365007,-0.0033886426,-0.0053802487
137,-0.004902207,-0.0038887856,-0.0010881742,-0.003300537,-0.0052777007
138,-0.0047818692,-0.0038139196,-0.0010503185,-0.0031771571,-0.0051693376
139,-0.005023175,-0.0039865626,-0.0011395572,-0.0033367453,-0.0053715864
140,-0.004749219,-0.003776756,-0.0010406222,-0.0031633186,-0.0051347404
141,-0.005254878,-0.0041448167,-0.0012242938,-0.0035104994,-0.00556541
142,-0.0052467156,-0.004146843,-0.0012204009,-0.003496698,-0.0055605797
143,-0.0051848963,-0.004115872,-0.0011998415,-0.0034316068,-0.005508774
144,-0.005117105,-0.004073586,-0.0011791891,-0.0033690855,-0.005448812
145,-0.00546859,-0.004321353,-0.0013027522,-0.003629263,-0.0057508685
146,-0.0058517363,-0.0045702127,-0.00144673,-0.0039292932,-0.0060679596
147,-0.0056318566,-0.004378878,-0.0013780507,-0.0038221022,-0.0058664447
148,-0.00576945,-0.0044311513,-0.0014504371,-0.0039712624,-0.0059596896
149,-0.0056692637,-0.0043617873,-0.0014115487,-0.0039089606,-0.005878079
150,-0.005502456,-0.004263965,-0.0013361264,-0.0037813573,-0.005752392
151,-0.0053546894,-0.004172752,-0.0012731986,-0.0036678263,-0.0056370064
152,-0.0050472426,-0.0039718933,-0.0011478182,-0.0034225993,-0.005384559
153,-0.0046888096,-0.0037068534,-0.0010147655,-0.003175578,-0.0050764782
154,-0.004813304,-0.0037752534,-0.0010661485,-0.0032879037,-0.0051742285
155,-0.005216106,-0.004060715,-0.0012219704,-0.0035666856,-0.0055108685
156,-0.005152246,-0.0040337206,-0.0011903001,-0.0035063878,-0.0054675764
157,-0.00503848,-0.0039811214,-0.0011411062,-0.0033916328,-0.0053828266
158,-0.004939929,-0.0039293943,-0.0011068233,-0.0032891745,-0.0053016297
159,-0.005041211,-0.0040090187,-0.0011470953,-0.003334232,-0.005385172
160,-0.00492731,-0.0039174645,-0.0011073499,-0.00326573,-0.0052856104
161,-0.00476997,-0.0037858402,-0.0010462087,-0.0031937337,-0.0051518
162,-0.004924594,-0.0038974597,-0.0011036221,-0.0033022189,-0.0052836784
163,-0.00491106,-0.0038977028,-0.0010979531,-0.0032832222,-0.005275369
164,-0.004836276,-0.003859211,-0.001073573,-0.0032068528,-0.005212853
165,-0.004745828,-0.003801967,-0.00104625,-0.0031261852,-0.0051331655
166,-0.0046213185,-0.00370998,-0.0010084459,-0.0030285297,-0.0050198096
167,-0.0046466314,-0.0037091756,-0.0010051208,-0.0030860521,-0.0050462424
168,-0.0050346088,-0.003986494,-0.0011460835,-0.0033570875,-0.0053755576
169,-0.0050714603,-0.0040140804,-0.0011600237,-0.0033813263,-0.005406551
170,-0.0051619387,-0.0040922854,-0.0011934186,-0.0034261406,-0.005485811
171,-0.005193914,-0.004132963,-0.001209672,-0.0034169927,-0.005512968
172,-0.005216361,-0.004159737,-0.0012247999,-0.003407471,-0.0055284575
173,-0.0052063977,-0.0041484064,-0.0012204732,-0.0034062003,-0.005518723
174,-0.0049651368,-0.0039634616,-0.0011356437,-0.0032453132,-0.005306135
175,-0.0055736084,-0.0043907245,-0.0013493645,-0.0036975031,-0.005827291
176,-0.0053845937,-0.0042438083,-0.0012787541,-0.003586411,-0.005663987
177,-0.005368974,-0.004237115,-0.0012710094,-0.003573787,-0.005652835
178,-0.0053035235,-0.004203131,-0.001246774,-0.0035096116,-0.005600045
179,-0.005245065,-0.004169041,-0.0012280733,-0.0034513324,-0.005549484
180,-0.005346437,-0.0042251544,-0.0012610344,-0.0035561267,-0.0056367465
181,-0.005305849,-0.004183354,-0.0012455555,-0.0035362798,-0.0055971975
182,-0.004905568,-0.0038721429,-0.0010990477,-0.0032956686,-0.0052521415
183,-0.0046632267,-0.003690651,-0.0010078986,-0.0031413038,-0.005045889
184,-0.004759482,-0.0037717854,-0.0010414999,-0.0031953875,-0.0051325946
185,-0.004795343,-0.003818822,-0.0010559359,-0.0031873703,-0.00516774
186,-0.0048397873,-0.0038660944,-0.0010784366,-0.0031853428,-0.005204711
187,-0.0049792114,-0.0039758696,-0.0011408894,-0.003241828,-0.0053153452
188,-0.0051546767,-0.0040937727,-0.0011963409,-0.0033844379,-0.005469843
189,-0.0053070947,-0.004195724,-0.0012492522,-0.0035077054,-0.005601517
190,-0.005418475,-0.0042648297,-0.0012861786,-0.00361406,-0.005699383
191,-0.0052867183,-0.0041853194,-0.0012389261,-0.0034995947,-0.0055899983
192,-0.0051096324,-0.004074254,-0.0011851577,-0.0033378387,-0.0054345718
193,-0.0049031074,-0.003930563,-0.0011299229,-0.0031590296,-0.0052443435
194,-0.0048532016,-0.0038944394,-0.0011267322,-0.0031009747,-0.005189407
195,-0.005095888,-0.004067378,-0.0011952256,-0.0032973974,-0.005410629
196,-0.004888043,-0.0039034248,-0.0011116043,-0.0031867444,-0.0052359877
197,-0.0051806946,-0.0041084955,-0.0012066051,-0.0034176002,-0.005493061
198,-0.005247316,-0.0041545457,-0.0012243867,-0.0034748516,-0.005556181
199,-0.0052714134,-0.0041913833,-0.0012397522,-0.0034564063,-0.0055764457
200,-0.005286328,-0.0042143855,-0.0012554376,-0.003435354,-0.005583979
201,-0.0051030754,-0.004080158,-0.0012016175,-0.0032893054,-0.005416263
202,-0.0051991055,-0.0041450746,-0.0012333603,-0.0033601432,-0.0054979427
203,-0.005242094,-0.004165664,-0.0012378418,-0.0034219264,-0.005540682
204,-0.0056307013,-0.0044358717,-0.0013708842,-0.003725199,-0.005877573
205,-0.005508518,-0.004351861,-0.0013246126,-0.0036406254,-0.0057755033
206,-0.005327666,-0.004231408,-0.0012606523,-0.0035003142,-0.0056219115
207,-0.0051132785,-0.004080105,-0.0011880076,-0.00333839,-0.0054350086
208,-0.005352379,-0.0042474205,-0.0012684899,-0.003517984,-0.005641786
209,-0.0052311257,-0.0041443612,-0.0012228482,-0.0034547055,-0.0055348813
210,-0.005251022,-0.0041392995,-0.001227557,-0.0034983426,-0.005547895
211,-0.005146619,-0.0040547955,-0.0011881419,-0.0034430348,-0.0054575996
212,-0.005200621,-0.004099275,-0.0012062644,-0.0034792619,-0.005507088
213,-0.0052081835,-0.004121382,-0.001208185,-0.00346319,-0.0055189086
214,-0.005228425,-0.004148528,-0.0012179639,-0.003453304,-0.0055374033
215,-0.005295841,-0.004199549,-0.0012452973,-0.00348741,-0.005592307
216,-0.005255178,-0.00416067,-0.0012301385,-0.0034654792,-0.005554207
217,-0.0054691155,-0.0042874226,-0.0013066555,-0.003662631,-0.00573419
218,-0.0051796446,-0.0040874435,-0.0012000377,-0.0034495944,-0.0054895687
219,-0.0052215825,-0.004134192,-0.0012162084,-0.0034543318,-0.00552901
220,-0.005225469,-0.0041581127,-0.0012259254,-0.0034151613,-0.0055313325
221,-0.005229415,-0.0041736704,-0.0012425919,-0.0033766355,-0.0055259587
222,-0.005133535,-0.0041034715,-0.001218439,-0.0032948838,-0.005435942
223,-0.0054233214,-0.0043113735,-0.001313956,-0.0035051545,-0.0056894487
224,-0.0058309697,-0.0046103895,-0.0014587496,-0.0037796986,-0.006037997
225,-0.005428483,-0.0043082163,-0.0013110441,-0.0035238802,-0.005694674
226,-0.005431934,-0.0043156007,-0.0013119527,-0.0035248613,-0.0057000523
227,-0.0053962977,-0.0042981915,-0.0013050652,-0.0034849711,-0.005668
228,-0.0053440062,-0.0042638737,-0.0012930352,-0.0034358772,-0.005619148
229,-0.0055192313,-0.004390664,-0.0013555499,-0.0035456426,-0.005768639
230,-0.005676061,-0.0044986485,-0.0014032774,-0.0036726946,-0.0059086177
231,-0.005889428,-0.0046388707,-0.0014689829,-0.003855573,-0.006096222
232,-0.0059360927,-0.0046554,-0.0014803417,-0.003931877,-0.006139119
233,-0.005784605,-0.004556697,-0.0014244771,-0.003816734,-0.0060132835
234,-0.0055878027,-0.004429398,-0.00135777,-0.003655707,-0.0058453535
235,-0.0053507583,-0.0042641014,-0.0012825954,-0.0034682453,-0.0056357756
236,-0.0055572083,-0.004405804,-0.0013464319,-0.003636972,-0.005818234
237,-0.005816775,-0.0045696893,-0.0014346277,-0.0038558533,-0.0060383966
238,-0.0052874084,-0.004178649,-0.001243418,-0.0034952404,-0.0055810204
239,-0.005505727,-0.004321148,-0.0013219692,-0.0036762266,-0.0057649696
240,-0.0054048803,-0.004254357,-0.0012823476,-0.0036048563,-0.005682203
241,-0.005251307,-0.0041591143,-0.0012253885,-0.003478094,-0.005555336
242,-0.0050871554,-0.00405028,-0.0011697923,-0.0033410063,-0.00541349
243,-0.0048402376,-0.0038653885,-0.0010830525,-0.003169112,-0.0051983106
244,-0.0048087277,-0.003833393,-0.0010704545,-0.0031571235,-0.0051687527
245,-0.005867086,-0.004547848,-0.001461734,-0.003964642,-0.006059641
246,-0.00551533,-0.00429385,-0.0013286088,-0.0037325856,-0.0057642916
247,-0.0055350466,-0.004313863,-0.0013339062,-0.0037484425,-0.005786414
248,-0.0055037164,-0.004312299,-0.0013160316,-0.00370866,-0.005771319
249,-0.005477008,-0.004309833,-0.0013028966,-0.0036682934,-0.0057556573
250,-0.0049885744,-0.0039671045,-0.0011271659,-0.0033007707,-0.0053375834
251,-0.005251172,-0.004149901,-0.0012241183,-0.003489148,-0.005559391
252,-0.0055935346,-0.0043755234,-0.0013529063,-0.0037563478,-0.0058450797
253,-0.0056230943,-0.0043865885,-0.0013656386,-0.0037939951,-0.005868163
254,-0.005479844,-0.004307025,-0.0013073679,-0.0036676768,-0.0057552718
255,-0.0053002974,-0.004203996,-0.0012442337,-0.0035001554,-0.005605697
256,-0.0051009445,-0.004073366,-0.0011857772,-0.00331987,-0.005426862
257,-0.0051717367,-0.004123856,-0.0012115927,-0.0033666093,-0.0054860897
258,-0.0058889478,-0.004623245,-0.0014606497,-0.0039043212,-0.0061024316
259,-0.004936958,-0.003935246,-0.0011257925,-0.003216683,-0.0052794563
260,-0.0049920552,-0.003975187,-0.0011438943,-0.0032577596,-0.0053279507
261,-0.0050515193,-0.0040285373,-0.0011700814,-0.0032804285,-0.0053779124
262,-0.0050596665,-0.004046979,-0.0011868925,-0.0032527512,-0.0053777965
263,-0.0050413907,-0.0040392987,-0.001197735,-0.0032086656,-0.005350031
264,-0.0051450436,-0.004109118,-0.0012161981,-0.0033141514,-0.0054530944
265,-0.005019019,-0.00400618,-0.0011625123,-0.003253835,-0.005348113
266,-0.0049429596,-0.0039409604,-0.0011297268,-0.003220925,-0.005282898
267,-0.0055419337,-0.0043637985,-0.0013339268,-0.0036665648,-0.005800408
268,-0.0053799124,-0.0042541143,-0.0012747889,-0.0035469788,-0.0056634527
269,-0.0051519605,-0.0041018478,-0.0011984578,-0.0033643853,-0.005466601
270,-0.004874328,-0.003904806,-0.0011119967,-0.0031452004,-0.0052188025
271,-0.0051043206,-0.0040714913,-0.001190362,-0.0033082366,-0.0054183993
272,-0.00557901,-0.0043969704,-0.0013482183,-0.0036765162,-0.0058295014
273,-0.0054658446,-0.0042898585,-0.0013066038,-0.0036419616,-0.005728296
274,-0.004697933,-0.0037326107,-0.0010228199,-0.003113935,-0.005073241
275,-0.0047418065,-0.0037725745,-0.0010383402,-0.0031361086,-0.005113974
276,-0.004735024,-0.0037838821,-0.0010420989,-0.0031018716,-0.0051087025
277,-0.004721985,-0.0037848991,-0.0010495028,-0.0030589167,-0.005091374
278,-0.0052364673,-0.0041593574,-0.0012252645,-0.0034230663,-0.0055400133
279,-0.0052060075,-0.0041321963,-0.0012167867,-0.003401986,-0.0055108173
280,-0.0048910435,-0.003893893,-0.001103457,-0.0031956118,-0.005238477
281,-0.0055224425,-0.004349159,-0.001324086,-0.0036450545,-0.0057847276
282,-0.0054147984,-0.004285639,-0.0012894004,-0.0035478945,-0.0056939726
283,-0.0052720737,-0.004198297,-0.001252918,-0.0034099098,-0.0055655865
284,-0.0050999993,-0.0040789894,-0.001215052,-0.0032516953,-0.0054021156
285,-0.004844739,-0.0038869719,-0.0011358398,-0.0030687095,-0.005173151
286,-0.005571283,-0.004409826,-0.0013519047,-0.003636542,-0.0058281547
287,-0.005065203,-0.004031224,-0.0011705152,-0.0033076478,-0.0053917393
288,-0.0051161596,-0.0040629767,-0.0011842799,-0.0033596386,-0.005437442
289,-0.005082819,-0.0040434953,-0.0011712586,-0.0033338394,-0.0054104524
290,-0.005013377,-0.004001035,-0.0011493259,-0.00326559,-0.0053529013
291,-0.004921413,-0.003941848,-0.0011328763,-0.0031662153,-0.005263242
292,-0.0053986683,-0.0042952467,-0.0013023391,-0.0034832333,-0.00567499
293,-0.005453481,-0.0043373737,-0.0013376339,-0.0034927456,-0.005709625
294,-0.0055327355,-0.0043909596,-0.001369862,-0.0035355883,-0.0057696886
295,-0.006031883,-0.004751462,-0.0015243209,-0.0039172205,-0.0062146126
296,-0.0059741745,-0.0047186925,-0.0015108142,-0.003857283,-0.006161822
297,-0.005898881,-0.004674365,-0.0015003951,-0.0037719617,-0.006087639
298,-0.005810968,-0.004613182,-0.0014900276,-0.0036791512,-0.0059967814
299,-0.0058434536,-0.004631699,-0.0014838423,-0.0037293618,-0.0060358793
300,-0.005966072,-0.004707013,-0.0015045359,-0.0038609176,-0.0061546043
301,-0.0053395946,-0.0042391336,-0.001289421,-0.003428299,-0.0056043086
302,-0.0055023963,-0.0043508895,-0.0013318616,-0.0035708062,-0.0057535763
303,-0.005352079,-0.0042563453,-0.0013046418,-0.003411031,-0.005606301
304,-0.0054374104,-0.004324791,-0.0013360333,-0.0034648627,-0.0056822775
305,-0.00551506,-0.0043843347,-0.0013666092,-0.0035105087,-0.0057486254
306,-0.0054146033,-0.0043041105,-0.0013272458,-0.0034503979,-0.005662849
307,-0.005631527,-0.0044555045,-0.0013876333,-0.0036276092,-0.0058603603
308,-0.005488922,-0.004340614,-0.0013283094,-0.0035543418,-0.005741375
309,-0.0050499886,-0.004017943,-0.0011858598,-0.003234661,-0.005352488
310,-0.0051072617,-0.0040667406,-0.0012128628,-0.0032596283,-0.005400267
311,-0.005129919,-0.0040912307,-0.0012408984,-0.0032428745,-0.0054089385
312,-0.00513427,-0.004096072,-0.0012669719,-0.0032125902,-0.0053961845
313,-0.005944195,-0.004704008,-0.0015220077,-0.0037874216,-0.006121544
314,-0.005305174,-0.0042195083,-0.0013403394,-0.0033098531,-0.005533381
315,-0.0052367975,-0.004164419,-0.0013154739,-0.0032667206,-0.005473006
316,-0.0051953094,-0.0041331295,-0.001298663,-0.0032417532,-0.005438241
317,-0.005396958,-0.0042900937,-0.0013664439,-0.0033770932,-0.0056177685
318,-0.0055354815,-0.00439971,-0.0014244977,-0.0034558175,-0.00573354
319,-0.0056339423,-0.004476018,-0.0014677438,-0.0035094435,-0.005813441
320,-0.005604128,-0.004448128,-0.001465534,-0.0034803085,-0.0057800226
321,-0.0056772763,-0.0045017293,-0.0014694373,-0.0035570518,-0.005860769
322,-0.006124342,-0.0048325663,-0.0015985144,-0.00388831,-0.0062655173
323,-0.0056153066,-0.0044488185,-0.0014583262,-0.0035027438,-0.0057947324
324,-0.0056531634,-0.004480298,-0.0014777188,-0.0035197313,-0.005824337
325,-0.005664222,-0.0044908165,-0.0015000957,-0.0035058365,-0.0058215824
326,-0.0056497124,-0.004478446,-0.0015130653,-0.0034770381,-0.00579535
327,-0.0059378482,-0.0046990444,-0.001582323,-0.0036981665,-0.0060679177
328,-0.0055579133,-0.0044049844,-0.0014638198,-0.0034350362,-0.005724125
329,-0.005638624,-0.004465848,-0.0014525746,-0.0035345324,-0.00582155
330,-0.006063513,-0.004780103,-0.0015589446,-0.0038780503,-0.0062199584
331,-0.0058984607,-0.004661433,-0.0015082223,-0.0037544882,-0.0060726553
332,-0.0056789266,-0.0045022,-0.001452874,-0.0035765995,-0.005868005
333,-0.005384849,-0.004278892,-0.0013804566,-0.003345286,-0.0055896454
334,-0.0052593797,-0.004180508,-0.0013417851,-0.0032567505,-0.0054748403
335,-0.005949942,-0.004698521,-0.0015324475,-0.0037763347,-0.0061108107
336,-0.005585702,-0.0044220444,-0.0014311168,-0.003500258,-0.0057728468
337,-0.006010726,-0.0047359727,-0.0015388704,-0.0038435985,-0.006172291
338,-0.0058724578,-0.0046388707,-0.0015006739,-0.0037329968,-0.0060475236
339,-0.005703429,-0.004518433,-0.0014677024,-0.0035832338,-0.0058847303
340,-0.0054930933,-0.004358547,-0.0014295162,-0.0034030045,-0.0056768153
341,-0.005371765,-0.0042641773,-0.0013964724,-0.0033148522,-0.0055648526
342,-0.0058409027,-0.004618282,-0.0015286063,-0.0036573887,-0.005994761
343,-0.0053487928,-0.0042397403,-0.0013859707,-0.003303499,-0.0055439705
344,-0.0054755677,-0.0043368195,-0.0014224015,-0.0033954452,-0.0056608566
345,-0.0055737584,-0.0044134613,-0.0014667937,-0.0034484451,-0.0057407063
346,-0.00564215,-0.0044660913,-0.001514573,-0.0034681612,-0.005784296
347,-0.005683188,-0.0044947476,-0.0015514684,-0.0034727957,-0.005803492
348,-0.005781664,-0.0045687025,-0.0015840475,-0.0035378588,-0.0058893193
349,-0.0055984263,-0.004425748,-0.0015232366,-0.0034156097,-0.005725421
350,-0.0054393313,-0.0043048393,-0.0014500034,-0.0033287094,-0.0055980617
351,-0.0055196513,-0.0043666447,-0.001463159,-0.0033979495,-0.005680782
352,-0.005809843,-0.0045917886,-0.0015562184,-0.0035958951,-0.005941817
353,-0.0060147173,-0.004750984,-0.0016342223,-0.0037224425,-0.0061175036
354,-0.006169191,-0.0048699724,-0.001692462,-0.003818346,-0.0062496373
355,-0.0059764255,-0.0047198385,-0.001642979,-0.0036753202,-0.006067927
356,-0.0062843524,-0.004956624,-0.001698637,-0.0039329003,-0.0063734995
357,-0.005819311,-0.0045977687,-0.0015618772,-0.003601128,-0.0059473626
358,-0.006000343,-0.0047364584,-0.001615914,-0.003728465,-0.0061109033
359,-0.0060630324,-0.004787692,-0.0016297614,-0.0037777505,-0.0061719287
360,-0.006108452,-0.004825766,-0.0016492573,-0.0038024422,-0.0062097264
361,-0.006143758,-0.0048536486,-0.0016637861,-0.003822233,-0.006238667
362,-0.0058274884,-0.004606883,-0.0015830045,-0.0035845235,-0.0059393602
363,-0.00614886,-0.004853368,-0.0016507133,-0.0038424958,-0.006250302
364,-0.0058057616,-0.0045879334,-0.0015354215,-0.0036132005,-0.005945607
365,-0.006016218,-0.004747417,-0.0015747643,-0.0037952706,-0.006154075
366,-0.005905138,-0.0046670567,-0.0015417722,-0.0037130332,-0.006054662
367,-0.00576933,-0.0045676935,-0.0015155952,-0.0035966334,-0.00592296
368,-0.0056068287,-0.0044425954,-0.0014853706,-0.0034604708,-0.00576248
369,-0.005533171,-0.0043794927,-0.0014854841,-0.0033862786,-0.005677893
370,-0.0061389264,-0.004843502,-0.0016453746,-0.00383809,-0.0062437947
371,-0.005882316,-0.004644874,-0.0015748366,-0.0036485493,-0.0060055642
372,-0.006261575,-0.004934259,-0.0016650769,-0.003950061,-0.0063678655
373,-0.0061951494,-0.0048884745,-0.0016618551,-0.0038794612,-0.006298192
374,-0.006120876,-0.0048339623,-0.0016709629,-0.003790136,-0.006210242
375,-0.0060243052,-0.0047561745,-0.0016759814,-0.0036879722,-0.006098126
376,-0.005943985,-0.0046868566,-0.0016764357,-0.0036090144,-0.0060043843
377,-0.0060567604,-0.004775056,-0.0016964686,-0.0037001662,-0.0061168717
378,-0.006047968,-0.0047730603,-0.0016429996,-0.0037456395,-0.0061463183
379,-0.0058785197,-0.0046437657,-0.0015824263,-0.0036371402,-0.005999057
380,-0.005845899,-0.004620908,-0.0015797828,-0.0036060335,-0.005965003
381,-0.0057893465,-0.0045779767,-0.0015822403,-0.0035464836,-0.005900081
382,-0.005715493,-0.004520171,-0.0015692604,-0.0034870082,-0.0058268122
383,-0.0058487053,-0.004613964,-0.0016450648,-0.0035466144,-0.005919565
384,-0.0060215746,-0.004749694,-0.0016814336,-0.0036805063,-0.0060882424
385,-0.0057705306,-0.00455209,-0.0016047411,-0.0035074065,-0.0058588786
386,-0.005829319,-0.0045946194,-0.001630856,-0.003540335,-0.005905004
387,-0.005838142,-0.004601738,-0.0016434126,-0.003537345,-0.005906137
388,-0.0058241724,-0.004588389,-0.0016626812,-0.003507425,-0.0058763004
389,-0.005787606,-0.0045561884,-0.0016708389,-0.0034664604,-0.0058282195
390,-0.005826558,-0.0045889425,-0.0016718819,-0.0035018467,-0.0058713215
391,-0.005800405,-0.004572209,-0.0016403458,-0.0035028744,-0.005863537
392,-0.0058506257,-0.0046173786,-0.0016188984,-0.0035706381,-0.0059357095
393,-0.005508728,-0.004352415,-0.0015098952,-0.003336166,-0.005626793
394,-0.0055550477,-0.0043901857,-0.0015240214,-0.0033681416,-0.005669393
395,-0.005585297,-0.004412543,-0.0015501466,-0.0033742527,-0.005685245
396,-0.0056176325,-0.004434688,-0.0015754767,-0.0033836716,-0.005703345
397,-0.0056075794,-0.0044260514,-0.0015692707,-0.0033800928,-0.005696378
398,-0.005696017,-0.004499255,-0.0015636842,-0.0034697216,-0.005800097
399,-0.005591689,-0.004419616,-0.0015084288,-0.003420908,-0.0057226527
400,-0.0054298933,-0.004294867,-0.001454836,-0.0033116846,-0.0055787866
401,-0.005692341,-0.004500318,-0.0015334595,-0.0034968008,-0.00582044
402,-0.0058904933,-0.0046545197,-0.0016075498,-0.0036220588,-0.0059928703
403,-0.0060505336,-0.0047777276,-0.0016675346,-0.0037230873,-0.0061315303
404,-0.0058822255,-0.0046427795,-0.0016288011,-0.0035945778,-0.00596916
405,-0.00567288,-0.0044770497,-0.0015685272,-0.0034469033,-0.0057756337
406,-0.0059581497,-0.004700289,-0.0016267461,-0.003673582,-0.006055707
407,-0.0060673538,-0.0047881096,-0.0016252903,-0.003790024,-0.0061823605
408,-0.0060218596,-0.004754141,-0.0016374855,-0.0037275818,-0.006122575
409,-0.0059609255,-0.0047040684,-0.0016601514,-0.0036431018,-0.0060369754
410,-0.005828479,-0.0046004173,-0.0016369898,-0.003535224,-0.0059025656
411,-0.005892519,-0.004646073,-0.0016653042,-0.003571993,-0.0059529454
412,-0.006116119,-0.0048211142,-0.0017079512,-0.0037515447,-0.0061753285
413,-0.0066188225,-0.0052068955,-0.001784303,-0.0041963574,-0.006684868
414,-0.006223538,-0.0049079405,-0.0016673487,-0.003909152,-0.006326807
415,-0.0061485595,-0.004853967,-0.0016541105,-0.0038436404,-0.00625294
416,-0.00605448,-0.0047840416,-0.0016460768,-0.00375368,-0.0061535174
417,-0.0059298505,-0.004687175,-0.0016264261,-0.0036477083,-0.0060268687
418,-0.0058821957,-0.0046469,-0.0016166988,-0.0036099302,-0.005978356
419,-0.0059135705,-0.0046688477,-0.0016162032,-0.0036406908,-0.006011161
420,-0.00592649,-0.004678584,-0.0016046792,-0.0036657052,-0.0060325633
421,-0.0058073523,-0.004588419,-0.0015492896,-0.0036027632,-0.0059378506
422,-0.005731353,-0.004532526,-0.0015265204,-0.003548427,-0.0058694542
423,-0.005634228,-0.0044588284,-0.0015120223,-0.003464302,-0.0057713375
424,-0.005529585,-0.0043764645,-0.0014947983,-0.003377168,-0.0056658587
425,-0.0057385103,-0.004537762,-0.0015482879,-0.0035317573,-0.0058619673
426,-0.0056356383,-0.0044573867,-0.0015092962,-0.003467946,-0.0057737245
427,-0.005795318,-0.0045793424,-0.0015305682,-0.0036105842,-0.0059375674
428,-0.00576867,-0.0045594443,-0.0015023467,-0.0036169942,-0.0059290538
429,-0.0056601255,-0.00447919,-0.0014837906,-0.0035219365,-0.005822061
430,-0.0055261333,-0.004375812,-0.0014753025,-0.003393184,-0.005678599
431,-0.0053731753,-0.0042518224,-0.0014643361,-0.003253723,-0.0055138967
432,-0.00564194,-0.004461371,-0.0015389324,-0.0034462865,-0.005763767
433,-0.0057322085,-0.004530674,-0.0015517059,-0.003524095,-0.005856635
434,-0.0058915587,-0.0046535027,-0.0015742892,-0.0036651164,-0.0060205613
435,-0.0056335074,-0.0044519757,-0.0015141909,-0.0034651337,-0.005772633
436,-0.005660291,-0.004472542,-0.0015389324,-0.0034670492,-0.0057855174
437,-0.0056629167,-0.0044718436,-0.0015694979,-0.0034407736,-0.0057662795
438,-0.005647327,-0.004455679,-0.0015892416,-0.0034084895,-0.0057335626
439,-0.00560968,-0.004421832,-0.0015888078,-0.0033732902,-0.0056894673
440,-0.005909039,-0.0046600066,-0.001652128,-0.0036027445,-0.0059815515
441,-0.0055990717,-0.0044214902,-0.0015319933,-0.0034119096,-0.005717121
442,-0.005622779,-0.004439803,-0.0015387052,-0.0034289905,-0.005739262
443,-0.005629666,-0.0044439766,-0.0015583043,-0.003417357,-0.0057332283
444,-0.005609605,-0.0044239415,-0.0015840165,-0.0033756075,-0.00569165
445,-0.0055699623,-0.0043876814,-0.0015984009,-0.0033266912,-0.005635469
446,-0.005639599,-0.0044403262,-0.001624588,-0.003369702,-0.005694195
447,-0.005950332,-0.0046914555,-0.0016737923,-0.0036217037,-0.0060099764
448,-0.0058727725,-0.0046310923,-0.0016418637,-0.0035751138,-0.005943856
449,-0.005834736,-0.004605426,-0.0016117733,-0.0035658726,-0.0059228255
450,-0.005785655,-0.004570327,-0.0015958709,-0.0035321682,-0.005879505
451,-0.0057145027,-0.0045159967,-0.0015875067,-0.0034700113,-0.0058056237
452,-0.005632022,-0.004451725,-0.0015719349,-0.0034043407,-0.005723642
453,-0.0055582286,-0.004390064,-0.0015629821,-0.0033404925,-0.0056447396
454,-0.0058496655,-0.0046187374,-0.0016187951,-0.0035720116,-0.0059327786
455,-0.0056442507,-0.0044604526,-0.0015323443,-0.0034522482,-0.0057621645
456,-0.006160113,-0.0048568356,-0.0016640237,-0.0038417717,-0.006247543
457,-0.006064683,-0.004786349,-0.00164428,-0.0037635567,-0.006156239
458,-0.005952808,-0.004700904,-0.0016361843,-0.0036579494,-0.0060378485
459,-0.0058240825,-0.0045979735,-0.001625218,-0.003542316,-0.005901214
460,-0.006001423,-0.004737612,-0.0016628671,-0.003679469,-0.006074253
461,-0.0057617077,-0.00454762,-0.0015989791,-0.0035050423,-0.005849167
462,-0.005788686,-0.004566274,-0.0016050716,-0.003527188,-0.0058751535
463,-0.0058179153,-0.0045890487,-0.0016065586,-0.0035550334,-0.0059077027
464,-0.005841968,-0.004606079,-0.0016350691,-0.00355223,-0.005915269
465,-0.005854512,-0.0046105413,-0.0016755064,-0.0035290753,-0.0059003592
466,-0.0058593135,-0.0046074297,-0.0017096654,-0.0035059766,-0.005880346
467,-0.00576966,-0.004531949,-0.0016965098,-0.0034335973,-0.005787059
468,-0.0060463473,-0.0047545433,-0.001746695,-0.0036497174,-0.0060634217
469,-0.0060250857,-0.004739752,-0.0017230688,-0.0036506143,-0.006056664
470,-0.0060309223,-0.004752274,-0.0016920076,-0.0036845803,-0.006087304
471,-0.0059741596,-0.004715657,-0.0016517562,-0.0036660414,-0.0060533895
472,-0.005972029,-0.0047126287,-0.0016790173,-0.0036379718,-0.0060321637
473,-0.0059603103,-0.004700676,-0.0016991327,-0.0036089302,-0.006004375
474,-0.0059906947,-0.0047214474,-0.0017077035,-0.0036304777,-0.006030761
475,-0.006175823,-0.0048647057,-0.0017507945,-0.003767285,-0.006206378
476,-0.0059527927,-0.0046916525,-0.0016687324,-0.003630188,-0.006014505
477,-0.005956769,-0.0046942024,-0.0016668944,-0.0036360375,-0.006019707
478,-0.0059710536,-0.004707028,-0.0016751346,-0.00364227,-0.006030408
479,-0.005971714,-0.004707256,-0.0016916359,-0.0036278428,-0.006019382
480,-0.005965517,-0.004701716,-0.0017006713,-0.0036140694,-0.0060055503
481,-0.0061899577,-0.0048844903,-0.0017098512,-0.0038245504,-0.006252656
482,-0.006044097,-0.0047717476,-0.0016463556,-0.0037433875,-0.0061330535
483,-0.006125572,-0.004833158,-0.0016346457,-0.0038445094,-0.006232355
484,-0.0060082655,-0.0047435313,-0.001590109,-0.0037716113,-0.00613173
485,-0.0059518777,-0.0047038863,-0.0015762099,-0.0037264233,-0.0060796267
486,-0.0058865473,-0.0046569556,-0.0015732979,-0.003659183,-0.006009712
487,-0.005824893,-0.004609547,-0.0015722653,-0.0035963717,-0.0059415568
488,-0.0058696517,-0.004641102,-0.0015949829,-0.0036184238,-0.0059751887
489,-0.0063107605,-0.0049749212,-0.00168195,-0.0039878855,-0.006408269
490,-0.0056242794,-0.004449198,-0.0014921342,-0.0034777576,-0.0057720016
491,-0.0058590285,-0.0046285572,-0.0015695392,-0.0036370747,-0.00598118
492,-0.0058854367,-0.00465008,-0.001590109,-0.0036418682,-0.005997733
493,-0.005904298,-0.004663968,-0.0016222027,-0.003627665,-0.0059969346
494,-0.0059228884,-0.0046752756,-0.0016522312,-0.0036172091,-0.005996182
495,-0.0060180333,-0.004743334,-0.001700124,-0.00366549,-0.0060673975
496,-0.005931381,-0.004672786,-0.0016769727,-0.0036028004,-0.0059851743
497,-0.0059895697,-0.0047176527,-0.0016827037,-0.0036549594,-0.006046701
498,-0.005906368,-0.0046519926,-0.0016614009,-0.0035939796,-0.0059677945
499,-0.005953318,-0.004688693,-0.0016859978,-0.003616966,-0.0060033766
500,-0.0059825024,-0.004709259,-0.0017171932,-0.003617396,-0.0060135433
501,-0.006001063,-0.004721432,-0.0017390744,-0.003616415,-0.0060179513
502,-0.0060701147,-0.0047801104,-0.0017277775,-0.003689897,-0.0061038393
503,-0.0061827404,-0.0048666713,-0.0017541918,-0.0037751808,-0.0062118117
504,-0.006058096,-0.004768044,-0.0017106257,-0.0036952698,-0.0061018
505,-0.0061681257,-0.004856153,-0.001724628,-0.0037901173,-0.006215964
506,-0.006139692,-0.0048342813,-0.0017306275,-0.0037563478,-0.0061801034
507,-0.0060998243,-0.004800889,-0.0017453732,-0.0037043616,-0.006124359
508,-0.0060444716,-0.0047541256,-0.0017512386,-0.0036469141,-0.0060567427
509,-0.0059909048,-0.0047103064,-0.0017391053,-0.003606099,-0.0060032653
510,-0.0059799366,-0.004706755,-0.0017079615,-0.0036216383,-0.006013065
511,-0.0060303225,-0.0047505586,-0.0016893435,-0.0036875797,-0.006083403
512,-0.006095308,-0.0048034163,-0.0016945892,-0.0037461112,-0.006152663
513,-0.006076342,-0.004792488,-0.001684738,-0.003736585,-0.0061394074
514,-0.00605415,-0.0047774543,-0.0016873402,-0.0037114632,-0.0061134347
515,-0.0060369694,-0.0047647352,-0.0016896325,-0.0036920463,-0.0060925945
516,-0.005941254,-0.004688496,-0.0016624541,-0.0036228998,-0.0060028937
517,-0.005959665,-0.004703537,-0.0016465312,-0.003656688,-0.006034616
518,-0.0059395437,-0.004689892,-0.0016129607,-0.0036715358,-0.006036381
519,-0.005978946,-0.004721645,-0.0016091607,-0.003717266,-0.0060845455
520,-0.0059452606,-0.0046978453,-0.0016082623,-0.0036827393,-0.006048917
521,-0.005908514,-0.004669652,-0.0016219135,-0.0036306833,-0.005998992
522,-0.005875624,-0.0046410263,-0.001638043,-0.0035825705,-0.005950298
523,-0.006090626,-0.004806604,-0.0017011153,-0.0037345293,-0.0061480184
524,-0.0060803182,-0.0047945525,-0.0016998968,-0.003725872,-0.0061359983
525,-0.0060115815,-0.004738872,-0.0016761982,-0.0036814685,-0.006074792
526,-0.006175313,-0.004866398,-0.0017201671,-0.0038021572,-0.0062288856
527,-0.006178614,-0.004869494,-0.0017350574,-0.0037906594,-0.0062229126
528,-0.006177609,-0.004866944,-0.0017608212,-0.0037652901,-0.0062035075
529,-0.0061686058,-0.004856555,-0.001780947,-0.003738692,-0.006178097
530,-0.006084129,-0.0047880565,-0.0017627833,-0.003673582,-0.0060944012
531,-0.0061231414,-0.004820879,-0.001753944,-0.00371849,-0.006144419
532,-0.006092322,-0.0048031053,-0.0016914397,-0.0037461906,-0.0061552734
533,-0.006045807,-0.0047665867,-0.0016786352,-0.003712893,-0.0061124084
534,-0.006078893,-0.004793004,-0.0016996902,-0.0037253206,-0.00613565
535,-0.00610338,-0.0048109144,-0.001729822,-0.0037209475,-0.0061420267
536,-0.00611903,-0.0048207575,-0.0017532315,-0.003714986,-0.0061422917
537,-0.006121626,-0.0048220023,-0.0017533348,-0.0037172006,-0.0061443676
538,-0.006082404,-0.004793103,-0.0017232753,-0.0037060718,-0.006120866
539,-0.0061205155,-0.0048290067,-0.0016921419,-0.0037749705,-0.006187451
540,-0.005908514,-0.004664484,-0.0016285429,-0.003625544,-0.0059927637
541,-0.0058940495,-0.004656804,-0.0016209428,-0.003617966,-0.005982685
542,-0.0058664856,-0.0046374365,-0.0016223886,-0.003588373,-0.0059510833
543,-0.005835711,-0.004613941,-0.00162085,-0.0035588457,-0.0059171217
544,-0.005908529,-0.004671466,-0.0016307321,-0.0036209936,-0.005991663
545,-0.0059170965,-0.0046777194,-0.0016113499,-0.0036485586,-0.00601359
546,-0.0059343223,-0.0046906206,-0.0015923188,-0.0036885329,-0.0060463063
547,-0.005972389,-0.004720309,-0.0015863295,-0.0037366876,-0.006093751
548,-0.005947586,-0.0047047967,-0.0015787708,-0.003718574,-0.0060733426
549,-0.0059202774,-0.004687486,-0.0015839132,-0.0036824404,-0.0060411696
550,-0.005899106,-0.004671845,-0.0015927937,-0.0036499975,-0.006011881
551,-0.0058129337,-0.004602512,-0.0015755903,-0.0035796177,-0.005926095
552,-0.0057863607,-0.004577278,-0.0015692294,-0.0035601447,-0.005899319
553,-0.0059824875,-0.0047253785,-0.0016198689,-0.003709286,-0.0060839276
554,-0.006032633,-0.0047637485,-0.0016278821,-0.0037540817,-0.006135687
555,-0.006080978,-0.004803356,-0.0016518595,-0.003777741,-0.0061750314
556,-0.0061235917,-0.0048378934,-0.0016854195,-0.00378488,-0.006200521
557,-0.0061579375,-0.0048637795,-0.0017145496,-0.003789253,-0.0062184953
558,-0.00624606,-0.0049308743,-0.0017364102,-0.0038563625,-0.006302219
559,-0.006171742,-0.0048688645,-0.0017220568,-0.0037962846,-0.006226261
560,-0.00615066,-0.0048483666,-0.0017147769,-0.003783128,-0.0062057134
561,-0.006093087,-0.004805329,-0.0016860494,-0.0037553292,-0.0061615296
562,-0.006088826,-0.0048042815,-0.0016902934,-0.0037462513,-0.006154363
563,-0.006061262,-0.0047839964,-0.0016821978,-0.0037251525,-0.0061309775
564,-0.006071105,-0.004787677,-0.001714529,-0.0037035113,-0.0061180424
565,-0.0060150474,-0.00474042,-0.0017077035,-0.0036552397,-0.0060582478
566,-0.0060349586,-0.004754687,-0.0017057414,-0.0036768806,-0.006081424
567,-0.006007695,-0.0047341892,-0.0016796162,-0.0036752268,-0.0060687354
568,-0.0060496484,-0.0047711553,-0.0016701161,-0.0037266943,-0.0061242986
569,-0.006048523,-0.004772901,-0.0016736271,-0.003721583,-0.006121275
570,-0.0060372846,-0.004765517,-0.0016853989,-0.0036981292,-0.0061004995
571,-0.006013742,-0.004746719,-0.0016909543,-0.0036689662,-0.0060691624
572,-0.005950632,-0.004696722,-0.001669445,-0.0036265345,-0.006011755
573,-0.0058717523,-0.004636746,-0.0016222233,-0.0035932416,-0.005955319
574,-0.0059290105,-0.004682956,-0.0016043797,-0.0036703958,-0.0060325027
575,-0.0058977106,-0.004660143,-0.0015764784,-0.0036689942,-0.0060173473
576,-0.0058790296,-0.004649033,-0.0015678251,-0.0036586223,-0.006003841
577,-0.0058564926,-0.004634659,-0.0015717903,-0.0036296274,-0.005977023
578,-0.0058380216,-0.0046203765,-0.0015788637,-0.0036021185,-0.0059511433
579,-0.0060243355,-0.004762762,-0.0016238343,-0.0037461813,-0.006128957
580,-0.006003704,-0.0047436375,-0.0016054537,-0.0037463168,-0.0061175963
581,-0.005950047,-0.0047004335,-0.0015608033,-0.0037459664,-0.0060895756
582,-0.0059835226,-0.004724923,-0.0015628891,-0.0037831187,-0.0061266627
583,-0.0060303374,-0.00476494,-0.0015893345,-0.003799681,-0.0061629973
584,-0.006076477,-0.0048046308,-0.0016272728,-0.0038009097,-0.0061899964
585,-0.0061232015,-0.004840413,-0.0016670492,-0.003803241,-0.0062143616
586,-0.0061301636,-0.0048401854,-0.0016940109,-0.0037809787,-0.0062004835
587,-0.0060461373,-0.0047716107,-0.0016693313,-0.0037219473,-0.0061219716
588,-0.0059454706,-0.0046928213,-0.0016281299,-0.0036634998,-0.0060376767
589,-0.0059267897,-0.0046775597,-0.0016246396,-0.0036487642,-0.006019052
590,-0.005972239,-0.004713145,-0.001651467,-0.0036673683,-0.0060517825
591,-0.006006675,-0.0047385227,-0.001686576,-0.0036672843,-0.006065484
592,-0.0060255206,-0.0047495873,-0.0017145394,-0.00365951,-0.0060654003
593,-0.0060824635,-0.004793285,-0.0017302145,-0.003699671,-0.006117406
594,-0.0061004544,-0.004806437,-0.0017080544,-0.0037377295,-0.0061544743
595,-0.0060285516,-0.0047483277,-0.001680432,-0.0036945224,-0.006092107
596,-0.0060150777,-0.004739175,-0.0016703847,-0.003691121,-0.006084694
597,-0.0060743312,-0.0047862274,-0.0016986164,-0.0037223864,-0.006132269
598,-0.006124207,-0.0048243697,-0.0017353155,-0.0037364026,-0.006162556
599,-0.0061615235,-0.0048507648,-0.0017655817,-0.00374449,-0.006181961
600,-0.006178779,-0.0048647285,-0.0017652202,-0.0037609076,-0.0062010176
601,-0.0062782005,-0.0049462044,-0.0017580849,-0.0038654404,-0.0063183913
602,-0.006204077,-0.0048890966,-0.0017122779,-0.0038388097,-0.00626679
603,-0.0061325943,-0.004836793,-0.0016700336,-0.0038103568,-0.006216387
604,-0.006105331,-0.0048189512,-0.0016609465,-0.0037913974,-0.006193173
605,-0.006076207,-0.0047990074,-0.0016637036,-0.0037573848,-0.0061592814
606,-0.006045177,-0.0047743656,-0.0016670389,-0.0037212933,-0.006121275
607,-0.0059642415,-0.0047105798,-0.0016363289,-0.0036699288,-0.006050612
608,-0.005978046,-0.004719353,-0.0016203852,-0.0037015865,-0.00607651
609,-0.00594406,-0.0046926923,-0.0015775317,-0.003715883,-0.006068712
610,-0.0060278918,-0.0047564176,-0.001587166,-0.0037976766,-0.006156899
611,-0.0060469024,-0.00477454,-0.001593909,-0.0038099922,-0.0061760484
612,-0.006067924,-0.0047955313,-0.0016133428,-0.0038069647,-0.006188524
613,-0.0060939123,-0.004816682,-0.0016369484,-0.0038048904,-0.006201673
614,-0.00597641,-0.004722555,-0.0016203027,-0.0036996524,-0.0060792784
615,-0.006089936,-0.0048051467,-0.001657353,-0.003777914,-0.006179337
616,-0.006055815,-0.0047747605,-0.0016466964,-0.0037558526,-0.006147503
617,-0.00599218,-0.004726623,-0.0016209428,-0.0037189852,-0.0060952464
618,-0.0060569257,-0.0047775456,-0.0016563514,-0.0037477417,-0.006144312
619,-0.0061169746,-0.004823368,-0.0017022409,-0.0037611132,-0.006179801
620,-0.0061674505,-0.0048584295,-0.0017444852,-0.003769705,-0.0062053003
621,-0.006204977,-0.004887344,-0.0017533863,-0.0037972936,-0.0062405574
622,-0.0061201104,-0.0048191412,-0.0017219329,-0.0037439482,-0.006165696
623,-0.006181705,-0.0048674075,-0.0017219329,-0.003805853,-0.006235016
624,-0.006092412,-0.004798218,-0.0016734825,-0.0037660936,-0.006170656
625,-0.0061546816,-0.0048473645,-0.0017049153,-0.0037970226,-0.006219726
626,-0.00621374,-0.0048926105,-0.0017467673,-0.0038142346,-0.006256971
627,-0.0062635406,-0.0049278312,-0.0017841997,-0.0038270266,-0.0062852106
628,-0.0061636996,-0.004842409,-0.0017759388,-0.0037380892,-0.00617492
629,-0.0062223226,-0.0048907436,-0.0017689273,-0.0038009004,-0.006246363
630,-0.006254238,-0.0049171536,-0.0017602843,-0.003840571,-0.006288647
631,-0.006209539,-0.004882866,-0.0017392911,-0.0038169818,-0.0062522525
632,-0.006210754,-0.004886896,-0.0017391776,-0.003817963,-0.006254626
633,-0.0062126745,-0.0048899543,-0.0017513315,-0.003807502,-0.0062485924
634,-0.006210484,-0.0048870402,-0.0017617919,-0.003794481,-0.006237608
635,-0.006162364,-0.004850188,-0.0017381862,-0.0037688687,-0.006199457
636,-0.0061471043,-0.004839138,-0.0017114724,-0.0037791987,-0.0062002703
637,-0.006165605,-0.0048525403,-0.0016935566,-0.0038173508,-0.006232903
638,-0.0061800396,-0.0048644324,-0.0016857086,-0.003841239,-0.00625477
639,-0.006147269,-0.004842189,-0.001678088,-0.0038152952,-0.0062249466
640,-0.0061207106,-0.0048234593,-0.0016872266,-0.0037777738,-0.0061898706
641,-0.006095968,-0.0048017926,-0.0017009088,-0.0037384443,-0.006151688
642,-0.006223043,-0.0048973234,-0.0017426988,-0.003823985,-0.0062642633
643,-0.006150645,-0.0048374687,-0.0017199089,-0.0037744474,-0.006197446
644,-0.0063360888,-0.00498207,-0.0017476244,-0.0039363666,-0.0063883807
645,-0.006352759,-0.004995882,-0.0017464989,-0.003955536,-0.006408919
646,-0.00632416,-0.0049749212,-0.0017558337,-0.0039155246,-0.006371363
647,-0.006303408,-0.0049569807,-0.0017820105,-0.0038679072,-0.0063295243
648,-0.0062753647,-0.0049281274,-0.0018091374,-0.0038149913,-0.0062765437
649,-0.006341055,-0.0049755815,-0.0018363469,-0.0038537602,-0.006330175
650,-0.006384284,-0.0050131246,-0.0018253599,-0.003905307,-0.0063882507
651,-0.0062695425,-0.0049240896,-0.0017776736,-0.0038385852,-0.006292103
652,-0.006268252,-0.0049284613,-0.0017547081,-0.0038598853,-0.006308986
653,-0.006263931,-0.004927027,-0.0017604701,-0.0038496815,-0.006300821
654,-0.0062596845,-0.0049240445,-0.0017774258,-0.003828802,-0.0062841284
655,-0.006261845,-0.004921244,-0.0017921715,-0.0038176777,-0.006276683
656,-0.006226434,-0.004889279,-0.0017935139,-0.003782114,-0.006234199
657,-0.006235827,-0.0048953956,-0.0017879584,-0.0037963171,-0.0062478026
658,-0.0061893123,-0.004859082,-0.0017623702,-0.0037749144,-0.0062132333
659,-0.006187932,-0.0048591127,-0.0017546462,-0.003780918,-0.0062174085
660,-0.0061888024,-0.0048608654,-0.001763444,-0.0037737559,-0.0062127174
661,-0.0061862213,-0.004857625,-0.0017833943,-0.003753395,-0.006195412
662,-0.0061675557,-0.004839267,-0.0017967976,-0.003723676,-0.0061631645
663,-0.006165755,-0.004838774,-0.0017866574,-0.0037297637,-0.0061673955
664,-0.006194624,-0.0048673847,-0.0017591381,-0.0037811378,-0.0062200003
665,-0.0061936337,-0.004869752,-0.0017307102,-0.003807231,-0.006239034
666,-0.006327581,-0.0049796114,-0.0017334569,-0.003942193,-0.006390782
667,-0.006234897,-0.0049109003,-0.0017073626,-0.0038735836,-0.006305656
668,-0.006127133,-0.004829409,-0.0016906859,-0.0037797268,-0.006196587
669,-0.005985848,-0.0047171367,-0.0016681335,-0.0036599305,-0.006052001
670,-0.006035904,-0.0047557196,-0.001676002,-0.0037015586,-0.006102455
671,-0.006015348,-0.004738113,-0.001653016,-0.0037040627,-0.0060943407
672,-0.006045597,-0.004762132,-0.0016325082,-0.0037583613,-0.006143936
673,-0.0058858567,-0.0046419143,-0.0015697251,-0.0036612106,-0.006009981
674,-0.0059015066,-0.0046565835,-0.00158381,-0.0036620423,-0.006019846
675,-0.005917817,-0.004670449,-0.0016133738,-0.0036471756,-0.0060189264
676,-0.0059283203,-0.004675306,-0.0016440116,-0.0036268895,-0.006008639
677,-0.005984183,-0.004716757,-0.0016643335,-0.0036619115,-0.0060560927
678,-0.005969373,-0.0047011543,-0.0016601926,-0.0036524085,-0.0060415645
679,-0.005979231,-0.0047085383,-0.0016484828,-0.0036745074,-0.0060610343
680,-0.0059792013,-0.0047153607,-0.0016164097,-0.0037084077,-0.0060871183
681,-0.006017118,-0.0047453525,-0.0016440941,-0.0037175464,-0.0061107175
682,-0.0060496186,-0.0047694556,-0.0016823423,-0.0037111642,-0.006119928
683,-0.006067054,-0.0047783046,-0.0017146632,-0.003697092,-0.0061145774
684,-0.006133645,-0.004828134,-0.0017360074,-0.003742056,-0.0061734524
685,-0.006082209,-0.004783738,-0.0017113279,-0.003715883,-0.0061320597
686,-0.006197865,-0.0048730155,-0.0017318253,-0.0038116134,-0.0062482534
687,-0.0062912097,-0.0049474034,-0.0017448569,-0.0038931735,-0.006345446
688,-0.0062463903,-0.004913905,-0.0017455798,-0.003847093,-0.006295187
689,-0.0061966795,-0.0048743133,-0.001757455,-0.0037863518,-0.0062305946
690,-0.0061181,-0.0048085693,-0.0017601087,-0.0037077817,-0.00613833
691,-0.0060501886,-0.004751697,-0.0017491217,-0.0036518758,-0.00606697
692,-0.006061547,-0.0047634677,-0.0017296775,-0.0036792166,-0.0060936115
693,-0.005930016,-0.004664727,-0.001660141,-0.003615032,-0.0059944266
694,-0.0061188503,-0.0048187617,-0.0016770553,-0.0037866693,-0.006197641
695,-0.006034974,-0.0047579887,-0.0016463143,-0.0037327397,-0.006126254
696,-0.005934697,-0.0046837754,-0.0016238549,-0.003653296,-0.006030357
697,-0.005804891,-0.0045833266,-0.00159331,-0.0035527907,-0.005905422
698,-0.005765399,-0.004553828,-0.0015701588,-0.0035354574,-0.00587715
699,-0.005814419,-0.0045903544,-0.0015598119,-0.003596082,-0.0059385845
700,-0.005807292,-0.0045806556,-0.0015480608,-0.003602249,-0.0059366804
701,-0.0057137827,-0.0045091286,-0.001507293,-0.0035509593,-0.005861424
702,-0.0057348493,-0.0045282305,-0.0015177431,-0.0035614527,-0.0058797747
703,-0.0057525546,-0.004544114,-0.0015430215,-0.0035521835,-0.005883546
704,-0.005763478,-0.0045507015,-0.0015685479,-0.0035367657,-0.0058776382
705,-0.005692686,-0.0044887294,-0.0015729675,-0.0034631714,-0.0057926327
706,-0.005733544,-0.004516566,-0.0015835002,-0.0034938573,-0.0058298265
707,-0.0056979526,-0.0044871583,-0.0015660386,-0.0034764213,-0.0058018197
708,-0.0057511595,-0.004528291,-0.001580836,-0.003515461,-0.005851926
709,-0.0058018304,-0.0045666005,-0.001614933,-0.0035334297,-0.005885506
710,-0.0058409027,-0.0045928736,-0.0016604302,-0.003530636,-0.005896876
711,-0.005855487,-0.004597154,-0.0016964272,-0.0035140407,-0.0058858963
712,-0.0058489004,-0.004588419,-0.0017021582,-0.0035030707,-0.0058728587
713,-0.0057711755,-0.004529505,-0.0016615248,-0.0034636199,-0.0058139516
714,-0.00595926,-0.004683836,-0.0016810929,-0.0036250302,-0.0060139196
715,-0.0058186357,-0.004574478,-0.001634305,-0.003531477,-0.0058879443
716,-0.005872653,-0.004616324,-0.0016574356,-0.0035652278,-0.00593466
717,-0.0059423647,-0.0046654176,-0.0017125773,-0.0035843272,-0.0059734005
718,-0.005987949,-0.004693421,-0.0017572071,-0.0035903822,-0.0059910775
719,-0.0060998844,-0.0047824327,-0.0017838692,-0.0036719937,-0.006098493
720,-0.0060563707,-0.004752107,-0.0017483885,-0.0036602295,-0.0060750702
721,-0.0060082204,-0.0047201724,-0.0017041409,-0.0036529223,-0.006053408
722,-0.0060115065,-0.0047237086,-0.0016974185,-0.0036621357,-0.006061615
723,-0.006029842,-0.0047398433,-0.0017060202,-0.0036720685,-0.006076817
724,-0.006038605,-0.0047465065,-0.0017246486,-0.003663743,-0.0060734632
725,-0.0060271565,-0.0047356994,-0.0017335601,-0.0036446902,-0.006053213
726,-0.006009676,-0.004720893,-0.0017264454,-0.0036332249,-0.0060369107
727,-0.006038605,-0.004742977,-0.0017195166,-0.0036663124,-0.0060726693
728,-0.005929806,-0.0046650833,-0.001645168,-0.0036287024,-0.006004389
729,-0.0055677867,-0.0043861405,-0.0015231953,-0.0033882968,-0.005682909
730,-0.005622929,-0.0044329423,-0.0015350911,-0.0034311304,-0.0057384074
731,-0.0056687384,-0.004470189,-0.0015617119,-0.0034510146,-0.0057725823
732,-0.0057038944,-0.004496698,-0.0015849562,-0.0034636385,-0.005796028
733,-0.0057071955,-0.00450305,-0.0015707267,-0.00347886,-0.0058113597
734,-0.005480039,-0.004320678,-0.0015069935,-0.0033172348,-0.0055979174
735,-0.005677921,-0.00447258,-0.0015572717,-0.0034639002,-0.0057846303
736,-0.005591704,-0.0044051055,-0.0015293291,-0.0034070225,-0.0057079713
737,-0.005679677,-0.004475942,-0.0015617016,-0.0034631526,-0.005786539
738,-0.0057477383,-0.0045291563,-0.0016038014,-0.003490774,-0.0058350842
739,-0.005788206,-0.004559072,-0.0016349865,-0.003501884,-0.0058591897
740,-0.00548274,-0.004310326,-0.0015766333,-0.0032639548,-0.0055532507
741,-0.005601967,-0.0044017816,-0.0016036156,-0.0033530602,-0.00566708
742,-0.005724436,-0.0044976235,-0.0016228429,-0.0034529676,-0.0057908027
743,-0.005686294,-0.0044665085,-0.001611639,-0.0034273833,-0.005755829
744,-0.0057678595,-0.0045284275,-0.0016521176,-0.00347017,-0.0058188653
745,-0.0058251177,-0.004568361,-0.0016991947,-0.0034852235,-0.005848981
746,-0.005849215,-0.004581733,-0.0017300906,-0.0034830836,-0.005852585
747,-0.0058221617,-0.0045622746,-0.0017128045,-0.0034720576,-0.0058343504
748,-0.0057835397,-0.004531858,-0.0016913054,-0.0034531732,-0.0058054333
749,-0.005792212,-0.0045437803,-0.0016699922,-0.0034784863,-0.005831801
750,-0.005937308,-0.004661433,-0.0016961588,-0.0035932695,-0.005978259
751,-0.0059346524,-0.0046579726,-0.0017099029,-0.0035792347,-0.005965328
752,-0.0059130155,-0.0046364805,-0.0017319493,-0.0035411667,-0.005924177
753,-0.005854587,-0.004585133,-0.0017377526,-0.0034828687,-0.0058523715
754,-0.005775302,-0.0045175296,-0.001724659,-0.0034203567,-0.0057697953
755,-0.005762458,-0.004509212,-0.0017030566,-0.003424197,-0.00576954
756,-0.0059914,-0.004698202,-0.0017261666,-0.0036177512,-0.006012698
757,-0.005956079,-0.004678979,-0.0016806178,-0.0036234697,-0.006006897
758,-0.0058529214,-0.0046016164,-0.0016489062,-0.0035523423,-0.005914075
759,-0.0057238657,-0.0045008566,-0.0016261989,-0.0034489403,-0.0057850573
760,-0.0055540423,-0.0043658703,-0.0015902948,-0.0033192253,-0.005618665
761,-0.0054815095,-0.00430317,-0.0015798447,-0.0032603105,-0.0055420664
762,-0.005667283,-0.004450435,-0.0016137146,-0.0034056397,-0.005727144
763,-0.005522142,-0.004343331,-0.001538065,-0.00333255,-0.005618809
764,-0.00557856,-0.00439417,-0.0015260454,-0.0033980242,-0.005693624
765,-0.005552977,-0.0043765176,-0.0015243312,-0.0033749535,-0.0056681205
766,-0.0055134846,-0.00434475,-0.0015371873,-0.0033258316,-0.005615883
767,-0.0054502096,-0.004291953,-0.001542402,-0.003262142,-0.005541365
768,-0.0050779725,-0.0040002074,-0.0014363935,-0.003001329,-0.0051969546
769,-0.0049032723,-0.003860615,-0.0013837713,-0.0028828455,-0.005037585
770,-0.004988259,-0.0039553945,-0.0013227436,-0.0030102339,-0.0051851436
771,-0.0042011114,-0.0033329641,-0.0011134837,-0.002447746,-0.0044463747
772,-0.004213295,-0.0033446741,-0.001125906,-0.0024486152,-0.004453574
773,-0.004138286,-0.0032830434,-0.0011323496,-0.0023753385,-0.0043659676
774,-0.0039507574,-0.0031338201,-0.0010986243,-0.0022316913,-0.0041803834
775,-0.0010962584,-0.0008567436,-0.0002828875,-0.00028113468,-0.0015439226
776,0.0009138347,0.0007639416,0.00029218753,0.0010783784,0.00031146203
777,0.00089732953,0.00072264206,0.0003444896,0.0010382548,0.00025212276
778,-8.529996e-05,-0.00010000995,0.00012851767,0.00033583876,-0.0007076358
779,-0.0007915724,-0.0006761851,-6.024481e-05,-0.00015284927,-0.001371218
780,-0.0012155159,-0.0010130778,-0.00020030905,-0.00043134135,-0.0017496827
781,-0.0013926617,-0.0011584534,-0.0002565041,-0.0005499556,-0.0019108732
782,0.0007012628,0.0005558653,0.00028807772,0.0009028212,6.6692046e-05
783,0.0017369039,0.0014206669,0.0005533572,0.0016186927,0.0010523302
784,0.0012234122,0.0009498124,0.00051805197,0.0012152978,0.00049120776
785,0.00043324835,0.00026916654,0.00038744652,0.00062469346,-0.00031220453
786,9.319841e-06,-8.13485e-05,0.0002887489,0.00032042098,-0.0007214581
787,-0.00016818606,-0.0002207516,0.00022264074,0.00020703943,-0.00087506406
788,-0.00013784651,-0.00019850052,0.00022437553,0.00022977366,-0.00084403815
789,-0.0005549929,-0.0005641785,0.00016193316,-9.619589e-05,-0.0012763801
790,-0.002815665,-0.0023470947,-0.0004935724,-0.0016660732,-0.003350135
791,0.00032492925,0.00014882711,0.00041669022,0.0005142554,-0.00045846275
792,0.000117503914,-2.114464e-05,0.00037460076,0.00036220788,-0.00066186796
793,0.00018535528,5.3501168e-05,0.0003517386,0.0004362787,-0.0005663473
794,0.00048379926,0.0003330966,0.00034785594,0.0006922141,-0.00022240596
795,0.0009987315,0.00079429016,0.00039883627,0.001091021,0.00032729082
796,0.0013088491,0.0010681407,0.00043737356,0.0013257172,0.0006524959
797,0.00071547227,0.0005491793,0.0003326868,0.0008903748,5.0733226e-05
798,0.002219666,0.00181129,0.0007051312,0.0019353742,0.0014901109
799,0.0009424337,0.00072351476,0.00042993872,0.0010266308,0.00023589455
800,0.0005634294,0.00043545,0.0002853826,0.00078972,-8.625438e-05
801,0.00045508024,0.00038307044,0.00017875449,0.00075572607,-0.00012786064
802,0.0006063579,0.0005347298,0.0001578027,0.00088890776,6.129503e-05
